-- phpMyAdmin SQL Dump
-- version 5.0.2
-- https://www.phpmyadmin.net/
--
-- Host: 127.0.0.1:3306
-- Generation Time: Jun 19, 2021 at 07:59 PM
-- Server version: 5.7.31
-- PHP Version: 7.3.21

SET SQL_MODE = "NO_AUTO_VALUE_ON_ZERO";
START TRANSACTION;
SET time_zone = "+00:00";


/*!40101 SET @OLD_CHARACTER_SET_CLIENT=@@CHARACTER_SET_CLIENT */;
/*!40101 SET @OLD_CHARACTER_SET_RESULTS=@@CHARACTER_SET_RESULTS */;
/*!40101 SET @OLD_COLLATION_CONNECTION=@@COLLATION_CONNECTION */;
/*!40101 SET NAMES utf8mb4 */;

--
-- Database: `crypto_portfolio`
--

-- --------------------------------------------------------

--
-- Table structure for table `coin_details`
--

DROP TABLE IF EXISTS `coin_details`;
CREATE TABLE IF NOT EXISTS `coin_details` (
  `id` int(10) NOT NULL AUTO_INCREMENT,
  `coin_name` varchar(50) NOT NULL,
  `short_name` varchar(20) NOT NULL,
  PRIMARY KEY (`id`)
) ENGINE=MyISAM AUTO_INCREMENT=53 DEFAULT CHARSET=latin1;

--
-- Dumping data for table `coin_details`
--

INSERT INTO `coin_details` (`id`, `coin_name`, `short_name`) VALUES
(35, 'PundiX', 'PUNDIX'),
(34, 'VeChain', 'VET'),
(33, 'Ripple', 'XRP'),
(32, 'WinK', 'WIN'),
(31, 'Binance', 'BNB'),
(30, 'Wazirx', 'WRX'),
(29, 'REEF', 'Reef'),
(28, 'Dogecoin', 'Dogecoin'),
(36, 'Bitcoin', 'BTC'),
(37, 'Siacoin', 'SC'),
(38, 'Dent', 'DENT'),
(40, 'Cardano', 'ADA'),
(41, 'Polygon Matic', 'MATIC'),
(42, 'Shiba Inu', 'SHIBA INU'),
(43, 'Selfkey', 'key'),
(44, 'Tron', 'TRX'),
(45, 'Juld Swap', 'JULSWAP'),
(46, 'Solana', 'SOL'),
(47, 'BitTorrent', 'BTT'),
(48, '1INCH', '1INCH'),
(49, 'Stellar', 'XLM'),
(50, 'Algorand', 'ALGO'),
(51, 'Internet Computer Protocol', 'ICP'),
(52, 'nano', 'NANO');

-- --------------------------------------------------------

--
-- Table structure for table `exchange_details`
--

DROP TABLE IF EXISTS `exchange_details`;
CREATE TABLE IF NOT EXISTS `exchange_details` (
  `id` int(11) NOT NULL AUTO_INCREMENT,
  `exchange_name` varchar(50) NOT NULL,
  PRIMARY KEY (`id`)
) ENGINE=MyISAM AUTO_INCREMENT=16 DEFAULT CHARSET=latin1;

--
-- Dumping data for table `exchange_details`
--

INSERT INTO `exchange_details` (`id`, `exchange_name`) VALUES
(15, 'Blockchain'),
(14, 'BitMart'),
(13, 'Wazirx'),
(12, 'Binance'),
(11, 'Giottus');

-- --------------------------------------------------------

--
-- Table structure for table `trade_history`
--

DROP TABLE IF EXISTS `trade_history`;
CREATE TABLE IF NOT EXISTS `trade_history` (
  `id` int(11) NOT NULL AUTO_INCREMENT,
  `coin_id` int(11) NOT NULL,
  `qty_buy` float(10,6) DEFAULT NULL,
  `qty_sell` float(10,6) DEFAULT NULL,
  `rate` float(10,4) NOT NULL,
  `buy_amt` float(10,4) DEFAULT NULL,
  `sell_amt` float(10,4) DEFAULT NULL,
  `exchange_id` int(11) DEFAULT NULL,
  `date` datetime NOT NULL DEFAULT CURRENT_TIMESTAMP,
  PRIMARY KEY (`id`)
) ENGINE=MyISAM AUTO_INCREMENT=209 DEFAULT CHARSET=latin1;

--
-- Dumping data for table `trade_history`
--

INSERT INTO `trade_history` (`id`, `coin_id`, `qty_buy`, `qty_sell`, `rate`, `buy_amt`, `sell_amt`, `exchange_id`, `date`) VALUES
(83, 28, 1817.000000, NULL, 4.4030, 8000.2510, NULL, 11, '2021-06-17 15:41:01'),
(84, 28, NULL, 356.000000, 5.6050, NULL, 1995.3800, 11, '2021-06-17 15:41:35'),
(85, 28, NULL, 460.000000, 10.0000, NULL, 4600.0000, 11, '2021-06-17 15:41:46'),
(86, 28, NULL, 300.000000, 15.0000, NULL, 4500.0000, 11, '2021-06-17 15:41:55'),
(87, 28, NULL, 25.000000, 21.4000, NULL, 535.0000, 11, '2021-06-17 15:42:04'),
(88, 28, NULL, 175.000000, 30.0000, NULL, 5250.0000, 11, '2021-06-17 15:42:12'),
(89, 28, NULL, 28.000000, 17.8000, NULL, 498.4000, 11, '2021-06-17 15:42:21'),
(90, 28, NULL, 172.000000, 18.7900, NULL, 3231.8799, 11, '2021-06-17 15:42:37'),
(91, 28, NULL, 100.000000, 51.0000, NULL, 5100.0000, 11, '2021-06-17 15:42:48'),
(92, 28, 100.000000, NULL, 44.0000, 4400.0000, NULL, 12, '2021-06-17 15:44:20'),
(93, 28, 47.500000, NULL, 42.0000, 1995.0000, NULL, 11, '2021-06-17 15:44:38'),
(94, 28, 46.599998, NULL, 41.1500, 1917.5900, NULL, 11, '2021-06-17 15:44:57'),
(95, 28, 100.000000, NULL, 34.0000, 3400.0000, NULL, 11, '2021-06-17 15:45:10'),
(96, 28, 57.139999, NULL, 28.0000, 1599.9200, NULL, 11, '2021-06-17 15:45:43'),
(97, 28, NULL, 35.000000, 28.6500, NULL, 1002.7500, 11, '2021-06-17 15:45:59'),
(98, 28, NULL, 22.000000, 28.7000, NULL, 631.4000, 11, '2021-06-17 15:46:18'),
(99, 28, NULL, 69.599998, 28.7000, NULL, 1997.5200, 11, '2021-06-17 15:46:34'),
(100, 28, NULL, 100.000000, 24.0000, NULL, 2400.0000, 11, '2021-06-17 15:46:44'),
(101, 29, 2628.000000, NULL, 3.0442, 8000.1577, NULL, 11, '2021-06-17 23:03:02'),
(102, 29, NULL, 1613.900024, 3.0990, NULL, 5001.4761, 11, '2021-06-17 23:05:12'),
(103, 29, 158.000000, NULL, 3.1700, 500.8600, NULL, 11, '2021-06-17 23:11:46'),
(104, 29, 560.000000, NULL, 3.5980, 2014.8800, NULL, 11, '2021-06-17 23:13:51'),
(105, 30, 22.000000, NULL, 219.8100, 4835.8198, NULL, 11, '2021-06-17 23:18:36'),
(106, 31, 0.104100, NULL, 47999.0000, 4996.6958, NULL, 12, '2021-06-17 23:21:17'),
(107, 32, 99684.000000, NULL, 0.1450, 14454.1797, NULL, 11, '2021-06-17 23:24:50'),
(108, 32, 60606.000000, NULL, 0.1320, 7999.9922, NULL, 11, '2021-06-17 23:26:17'),
(109, 32, 50420.000000, NULL, 0.1190, 5999.9800, NULL, 11, '2021-06-17 23:27:10'),
(110, 32, 3773.000000, NULL, 0.1060, 399.9380, NULL, 11, '2021-06-17 23:27:29'),
(111, 32, 126012.000000, NULL, 0.0397, 5002.6763, NULL, 13, '2021-06-17 23:28:38'),
(112, 33, 32.000000, NULL, 137.0000, 4384.0000, NULL, 11, '2021-06-17 23:30:18'),
(113, 33, 11.000000, NULL, 107.9900, 1187.8900, NULL, 11, '2021-06-17 23:30:35'),
(114, 33, NULL, 13.800000, 72.0000, NULL, 993.6000, 11, '2021-06-17 23:31:33'),
(115, 34, 205.000000, NULL, 6.7900, 1391.9500, NULL, 11, '2021-06-17 23:32:27'),
(116, 34, NULL, 48.000000, 10.3880, NULL, 498.6240, 11, '2021-06-17 23:32:42'),
(117, 34, NULL, 33.000000, 15.0000, NULL, 495.0000, 11, '2021-06-17 23:32:53'),
(118, 34, NULL, 23.000000, 13.0000, NULL, 299.0000, 11, '2021-06-17 23:33:05'),
(119, 34, 322.000000, NULL, 15.5000, 4991.0000, NULL, 11, '2021-06-17 23:33:16'),
(120, 34, NULL, 100.000000, 19.5000, NULL, 1950.0000, 11, '2021-06-17 23:33:30'),
(121, 35, 8.271000, NULL, 604.5220, 5000.0015, NULL, 11, '2021-06-17 23:34:56'),
(123, 37, 2045.000000, NULL, 2.4450, 4090.0000, NULL, 11, '2021-06-18 12:24:31'),
(124, 37, NULL, 647.000000, 3.0920, NULL, 2000.5240, 11, '2021-06-18 12:32:44'),
(125, 38, 4750.000000, NULL, 1.4740, 7001.5000, NULL, 11, '2021-06-18 13:08:17'),
(126, 38, 3897.000000, NULL, 0.4000, 1558.8000, NULL, 11, '2021-06-18 13:08:43'),
(127, 38, 2534.000000, NULL, 0.4000, 1013.6000, NULL, 11, '2021-06-18 13:09:01'),
(128, 40, 15.000000, NULL, 101.0000, 1515.0000, NULL, 11, '2021-06-18 13:44:46'),
(129, 40, 46.296299, NULL, 108.0000, 5000.0000, NULL, 11, '2021-06-18 13:45:20'),
(130, 40, NULL, 15.000000, 123.0000, NULL, 1845.0000, 11, '2021-06-18 13:45:35'),
(131, 40, NULL, 36.000000, 136.1000, NULL, 4899.6001, 11, '2021-06-18 13:45:53'),
(132, 40, NULL, 6.700000, 150.0000, NULL, 1005.0000, 11, '2021-06-18 13:46:05'),
(133, 40, 12.126900, NULL, 165.5000, 2007.0000, NULL, 11, '2021-06-18 13:46:32'),
(134, 41, 1.000000, NULL, 12.0000, 12.0000, NULL, 11, '2021-06-18 13:46:56'),
(135, 41, 69.541000, NULL, 71.9000, 5000.0000, NULL, 11, '2021-06-18 13:47:20'),
(136, 41, 56.243000, NULL, 88.9000, 5000.0000, NULL, 11, '2021-06-18 13:47:52'),
(137, 41, NULL, 16.600000, 120.0000, NULL, 1992.0000, 11, '2021-06-18 13:48:06'),
(138, 41, NULL, 13.000000, 148.0000, NULL, 1924.0000, 11, '2021-06-18 13:48:18'),
(139, 41, 28.900000, NULL, 173.6000, 5017.0400, NULL, 12, '2021-06-18 13:49:14'),
(140, 41, NULL, 10.000000, 201.0000, NULL, 2010.0000, 11, '2021-06-18 13:49:51'),
(141, 41, NULL, 10.000000, 156.0000, NULL, 1560.0000, 11, '2021-06-18 13:50:01'),
(142, 41, 20.900000, NULL, 148.0000, 3093.2000, NULL, 13, '2021-06-18 13:51:02'),
(143, 41, 12.800000, NULL, 125.0000, 1600.0000, NULL, 11, '2021-06-18 13:51:32'),
(144, 44, 929.000000, NULL, 2.3650, 2197.0850, NULL, 11, '2021-06-18 13:58:14'),
(145, 44, NULL, 54.000000, 3.7390, NULL, 201.9060, 11, '2021-06-18 13:58:27'),
(146, 44, 56.000000, NULL, 3.5300, 197.6800, NULL, 11, '2021-06-18 13:58:39'),
(147, 44, NULL, 400.000000, 8.8720, NULL, 3548.8000, 11, '2021-06-18 13:58:55'),
(148, 44, NULL, 65.000000, 7.6710, NULL, 498.6150, 11, '2021-06-18 13:59:11'),
(149, 44, NULL, 33.000000, 11.5000, NULL, 379.5000, 11, '2021-06-18 13:59:21'),
(150, 44, 180.000000, NULL, 11.1500, 2007.0000, NULL, 11, '2021-06-18 13:59:32'),
(151, 44, NULL, 100.000000, 10.1200, NULL, 1012.0000, 11, '2021-06-18 13:59:44'),
(152, 44, NULL, 170.000000, 5.8660, NULL, 997.2200, 11, '2021-06-18 13:59:56'),
(153, 43, 2155.000000, NULL, 0.2700, 581.8500, NULL, 11, '2021-06-18 15:14:51'),
(154, 43, 28368.794922, NULL, 0.2820, 8000.0000, NULL, 11, '2021-06-18 15:15:15'),
(155, 43, NULL, 4065.000000, 0.4920, NULL, 1999.9800, 11, '2021-06-18 15:15:33'),
(156, 43, NULL, 5063.000000, 0.3930, NULL, 1989.7590, 11, '2021-06-18 15:15:52'),
(157, 43, NULL, 3252.000000, 0.6150, NULL, 1999.9800, 11, '2021-06-18 15:16:26'),
(158, 43, NULL, 4111.000000, 0.4850, NULL, 1993.8350, 11, '2021-06-18 15:16:39'),
(159, 43, NULL, 3584.000000, 0.8370, NULL, 2999.8081, 11, '2021-06-18 15:16:53'),
(160, 43, NULL, 1536.000000, 0.6510, NULL, 999.9360, 11, '2021-06-18 15:17:07'),
(161, 43, NULL, 1754.000000, 1.1400, NULL, 1999.5601, 11, '2021-06-18 15:17:24'),
(162, 43, NULL, 2898.000000, 2.0700, NULL, 5998.8599, 11, '2021-06-18 15:17:40'),
(163, 43, NULL, 3904.000000, 1.1400, NULL, 4450.5601, 11, '2021-06-18 15:17:58'),
(164, 43, 760.000000, NULL, 0.7170, 544.9200, NULL, 11, '2021-06-18 15:18:16'),
(165, 43, 2224.000000, NULL, 0.6080, 1352.1920, NULL, 11, '2021-06-18 15:20:07'),
(166, 43, 2247.000000, NULL, 0.8880, 1995.3361, NULL, 11, '2021-06-18 15:22:39'),
(167, 45, 371.361389, NULL, 13.1920, 4899.0000, NULL, 12, '2021-06-18 16:41:55'),
(168, 46, 1.099200, NULL, 3639.0000, 4000.0000, NULL, 12, '2021-06-18 16:43:01'),
(169, 46, 1.102000, NULL, 3699.0000, 4076.2981, NULL, 12, '2021-06-18 16:43:33'),
(170, 47, 47619.000000, NULL, 0.1050, 4999.9951, NULL, 11, '2021-06-18 16:46:56'),
(171, 47, NULL, 8928.000000, 0.1120, NULL, 999.9360, 11, '2021-06-18 16:47:13'),
(172, 47, NULL, 7086.000000, 0.1270, NULL, 899.9220, 11, '2021-06-18 16:47:26'),
(173, 47, NULL, 17361.000000, 0.2880, NULL, 4999.9678, 11, '2021-06-18 16:47:42'),
(174, 47, NULL, 4000.000000, 0.7360, NULL, 2944.0000, 11, '2021-06-18 16:47:55'),
(175, 47, 6051.000000, NULL, 0.6610, 3999.7109, NULL, 11, '2021-06-18 16:48:08'),
(176, 47, 8333.000000, NULL, 0.6000, 4999.7998, NULL, 11, '2021-06-18 16:48:20'),
(177, 47, 7062.000000, NULL, 0.3530, 2492.8860, NULL, 11, '2021-06-18 16:48:41'),
(178, 48, 5.457500, NULL, 365.0000, 1991.9875, NULL, 11, '2021-06-18 16:49:18'),
(179, 48, 7.125800, NULL, 421.0000, 2999.9619, NULL, 11, '2021-06-18 16:49:36'),
(180, 48, NULL, 4.000000, 504.5000, NULL, 2018.0000, 11, '2021-06-18 16:49:48'),
(181, 48, NULL, 7.000000, 512.0000, NULL, 3584.0000, 11, '2021-06-18 16:49:59'),
(182, 48, 4.320000, NULL, 466.4000, 2014.8480, NULL, 12, '2021-06-18 16:50:40'),
(183, 48, 4.090000, NULL, 234.4000, 958.6960, NULL, 12, '2021-06-18 16:51:10'),
(184, 48, NULL, 4.960000, 243.0000, NULL, 1205.2800, 12, '2021-06-18 16:52:06'),
(185, 49, 960.000000, NULL, 24.8000, 23808.0000, NULL, 15, '2021-06-18 21:32:21'),
(186, 49, NULL, 241.000000, 32.8000, NULL, 7904.7998, 15, '2021-06-18 21:33:12'),
(187, 49, 100.000000, NULL, 32.0000, 3200.0000, NULL, 15, '2021-06-18 21:33:35'),
(188, 49, 71.000000, NULL, 37.6000, 2669.6001, NULL, 15, '2021-06-18 21:34:02'),
(189, 49, NULL, 212.000000, 37.6000, NULL, 7971.2002, 15, '2021-06-18 21:34:27'),
(190, 49, NULL, 50.000000, 31.2000, NULL, 1560.0000, 15, '2021-06-18 21:34:53'),
(191, 49, NULL, 52.000000, 31.2000, NULL, 1622.4000, 15, '2021-06-18 21:35:08'),
(192, 49, NULL, 263.000000, 31.2000, NULL, 8205.5996, 15, '2021-06-18 21:35:27'),
(193, 49, NULL, 31.700001, 49.6000, NULL, 1572.3199, 15, '2021-06-18 21:35:55'),
(194, 49, NULL, 144.000000, 29.1000, NULL, 4190.3999, 15, '2021-06-18 21:36:08'),
(195, 50, 117.000000, NULL, 44.8000, 5241.6001, NULL, 15, '2021-06-18 21:37:38'),
(196, 50, NULL, 41.000000, 96.0000, NULL, 3936.0000, 15, '2021-06-18 21:37:58'),
(197, 50, NULL, 20.000000, 148.0000, NULL, 2960.0000, 15, '2021-06-18 21:38:24'),
(198, 50, NULL, 16.000000, 95.2000, NULL, 1523.2000, 15, '2021-06-18 21:38:53'),
(199, 51, 0.119200, NULL, 37760.0000, 4500.0000, NULL, 12, '2021-06-18 21:57:22'),
(207, 37, NULL, 893.000000, 1.1590, NULL, 1034.9871, 11, '2021-06-19 23:11:46'),
(201, 52, 1.760000, NULL, 542.0000, 953.9200, NULL, 13, '2021-06-18 22:02:42'),
(202, 52, NULL, 1.760000, 542.0000, NULL, 953.9200, 13, '2021-06-18 22:03:00'),
(206, 29, NULL, 1233.000000, 1.5200, NULL, 1874.1600, 11, '2021-06-19 22:32:38'),
(208, 34, NULL, 222.000000, 7.7500, NULL, 1720.5000, 11, '2021-06-19 23:29:55');
COMMIT;

/*!40101 SET CHARACTER_SET_CLIENT=@OLD_CHARACTER_SET_CLIENT */;
/*!40101 SET CHARACTER_SET_RESULTS=@OLD_CHARACTER_SET_RESULTS */;
/*!40101 SET COLLATION_CONNECTION=@OLD_COLLATION_CONNECTION */;
